{
  "total_wallclock_sec": 370.8484539985657,
  "num_logged_points": 130,
  "best_valid": {
    "step": 15500,
    "tokens_processed": 39680000,
    "split": "valid",
    "loss": 1.9896868169307709,
    "perplexity": 7.313243019722458,
    "wallclock_sec": 358.78471088409424
  },
  "last_train": {
    "step": 16000,
    "tokens_processed": 40960000,
    "split": "train",
    "loss": 2.0407883703708647,
    "perplexity": 7.6966746378973445,
    "wallclock_sec": 369.93211698532104
  }
}